{
    "plot_frequency": 10,
    "plot_train_samples": true,
    "debug_messages": false,
    "print_dots": false,
    "env": "tsp",
    "max_episode_length": 11,
    "max_nodes_per_graph": 10,
    "node_dimension": 2,
    "diff_cities": false,
    "use_training_set": false,
    "training_sizes": [
        6,
        7,
        9,
        10
    ],
    "num_train_instance_per_size": 10,
    "cities": [
        [
            0.07226979732513428,
            0.49330055713653564
        ],
        [
            0.7616990804672241,
            0.367595374584198
        ],
        [
            0.892312228679657,
            0.18103981018066406
        ],
        [
            0.7068268060684204,
            0.17972517013549805
        ],
        [
            0.177337646484375,
            0.7059816122055054
        ],
        [
            0.18015599250793457,
            0.8394390344619751
        ],
        [
            0.13590794801712036,
            0.7330420017242432
        ],
        [
            0.24416571855545044,
            0.5212754607200623
        ],
        [
            0.3544660806655884,
            0.35399383306503296
        ],
        [
            0.6820477247238159,
            0.6030879616737366
        ]
    ],
    "max_episodes": 3000,
    "max_steps": 1650000,
    "multi_runner": true,
    "parallel_environments": 8,
    "epsilon_anneal_time": 1320000.0,
    "epsilon_finish": 1e-05,
    "epsilon_start": 1.0,
    "epsilon_decay": "linear",
    "entropy_weight": 0.1,
    "entropy_regularization": true,
    "use_epsilon_greedy": false,
    "decay_entropy": true,
    "entropy_weight_start": 1.0,
    "entropy_weight_end": 0.01,
    "entropy_anneal_time": 3000.0,
    "lr": 0.0005,
    "gamma": 0.99,
    "batch_size": 550,
    "grad_norm_clip": 1,
    "value_loss_param": 0.1,
    "advantage_bias": true,
    "advantage_bootstrap": true,
    "offpolicy_iterations": 10,
    "value_targets": "td",
    "ppo_clipping": true,
    "ppo_clip_eps": 0.1,
    "embedding_dimension": 4,
    "num_encoder_layers": 6,
    "num_heads": 8,
    "normalization": "batch",
    "feed_forward_hidden": 512,
    "device": "cpu",
    "use_tqdm": false,
    "final_plot": false,
    "wandb": false,
    "n_heads": 4,
    "n_layers": 3
}