{
    "plot_frequency": 10,
    "plot_train_samples": true,
    "debug_messages": false,
    "print_dots": false,
    "env": "tsp",
    "max_episode_length": 31,
    "max_nodes_per_graph": 30,
    "node_dimension": 2,
    "diff_cities": false,
    "use_training_set": false,
    "training_sizes": [
        20,
        22,
        24,
        26,
        28,
        30
    ],
    "num_train_instance_per_size": 10,
    "cities": [
        [
            0.1480655074119568,
            0.4578564167022705
        ],
        [
            0.06080520153045654,
            0.697839081287384
        ],
        [
            0.40658628940582275,
            0.7760498523712158
        ],
        [
            0.665572464466095,
            0.9361239671707153
        ],
        [
            0.41226905584335327,
            0.23635625839233398
        ],
        [
            0.49188297986984253,
            0.7671489119529724
        ],
        [
            0.5361884236335754,
            0.631598711013794
        ],
        [
            0.9511663913726807,
            0.16974151134490967
        ],
        [
            0.3194829821586609,
            0.3785281777381897
        ],
        [
            0.3012201189994812,
            0.8108074069023132
        ],
        [
            0.32644718885421753,
            0.29681599140167236
        ],
        [
            0.4909359812736511,
            0.805443525314331
        ],
        [
            0.9637800455093384,
            0.8243661522865295
        ],
        [
            0.14067959785461426,
            0.7763689756393433
        ],
        [
            0.5289322137832642,
            0.723118782043457
        ],
        [
            0.5152422189712524,
            0.6871376037597656
        ],
        [
            0.6634830236434937,
            0.6238125562667847
        ],
        [
            0.015800297260284424,
            0.6233479380607605
        ],
        [
            0.293859601020813,
            0.7380902171134949
        ],
        [
            0.29873788356781006,
            0.6721965670585632
        ],
        [
            0.08525079488754272,
            0.10216188430786133
        ],
        [
            0.8492933511734009,
            0.17325425148010254
        ],
        [
            0.576948881149292,
            0.5751255750656128
        ],
        [
            0.38145995140075684,
            0.6702356934547424
        ],
        [
            0.6277081370353699,
            0.0871923565864563
        ],
        [
            0.5085495114326477,
            0.5983391404151917
        ],
        [
            0.7835521697998047,
            0.48029690980911255
        ],
        [
            0.29451608657836914,
            0.5234360098838806
        ],
        [
            0.31295400857925415,
            0.29579007625579834
        ],
        [
            0.322268009185791,
            0.7013684511184692
        ]
    ],
    "max_episodes": 1000,
    "max_steps": 1550000,
    "multi_runner": false,
    "parallel_environments": 2,
    "epsilon_anneal_time": 1240000.0,
    "epsilon_finish": 1e-05,
    "epsilon_start": 1.0,
    "epsilon_decay": "linear",
    "entropy_weight": 0.1,
    "entropy_regularization": true,
    "use_epsilon_greedy": false,
    "decay_entropy": true,
    "entropy_weight_start": 1.0,
    "entropy_weight_end": 0.05,
    "entropy_anneal_time": 1000.0,
    "lr": 0.0005,
    "gamma": 0.99,
    "batch_size": 1550,
    "grad_norm_clip": 1,
    "value_loss_param": 0.1,
    "advantage_bias": true,
    "advantage_bootstrap": true,
    "offpolicy_iterations": 10,
    "value_targets": "td",
    "ppo_clipping": true,
    "ppo_clip_eps": 0.1,
    "embedding_dimension": 4,
    "num_encoder_layers": 6,
    "num_heads": 8,
    "normalization": "batch",
    "feed_forward_hidden": 512,
    "device": "cpu",
    "use_tqdm": false,
    "final_plot": false,
    "wandb": false,
    "n_heads": 4,
    "n_layers": 3
}