{
    "plot_frequency": 10,
    "plot_train_samples": true,
    "debug_messages": false,
    "print_dots": false,
    "env": "tsp",
    "max_episode_length": 31,
    "max_nodes_per_graph": 30,
    "node_dimension": 2,
    "diff_cities": false,
    "use_training_set": false,
    "training_sizes": [
        20,
        22,
        24,
        26,
        28,
        30
    ],
    "num_train_instance_per_size": 10,
    "cities": [
        [
            0.4727470874786377,
            0.7610434889793396
        ],
        [
            0.46598970890045166,
            0.8057553172111511
        ],
        [
            0.357854962348938,
            0.7515532970428467
        ],
        [
            0.23821496963500977,
            0.48385417461395264
        ],
        [
            0.1864304542541504,
            0.7312214374542236
        ],
        [
            0.6926590204238892,
            0.5692448616027832
        ],
        [
            0.7300421595573425,
            0.8216046094894409
        ],
        [
            0.32057589292526245,
            0.7488025426864624
        ],
        [
            0.10134917497634888,
            0.1117703914642334
        ],
        [
            0.8018328547477722,
            0.7151848077774048
        ],
        [
            0.8818992376327515,
            0.06753659248352051
        ],
        [
            0.45451050996780396,
            0.5133429169654846
        ],
        [
            0.872633695602417,
            0.0959579348564148
        ],
        [
            0.47671568393707275,
            0.7491884231567383
        ],
        [
            0.00953608751296997,
            0.9267144203186035
        ],
        [
            0.9620668888092041,
            0.7394382953643799
        ],
        [
            0.522847592830658,
            0.6339974999427795
        ],
        [
            0.988237202167511,
            0.5862516164779663
        ],
        [
            0.18288612365722656,
            0.5526773929595947
        ],
        [
            0.5369552969932556,
            0.4320030212402344
        ],
        [
            0.763721764087677,
            0.631125271320343
        ],
        [
            0.906807005405426,
            0.3834724426269531
        ],
        [
            0.4660038948059082,
            0.40763092041015625
        ],
        [
            0.750683069229126,
            0.6094463467597961
        ],
        [
            0.7298901677131653,
            0.5088992714881897
        ],
        [
            0.12230348587036133,
            0.06270909309387207
        ],
        [
            0.296411395072937,
            0.5432636737823486
        ],
        [
            0.5543331503868103,
            0.25853443145751953
        ],
        [
            0.16338014602661133,
            0.9649032950401306
        ],
        [
            0.6546887755393982,
            0.39914947748184204
        ]
    ],
    "max_episodes": 1000,
    "max_steps": 1550000,
    "multi_runner": false,
    "parallel_environments": 2,
    "epsilon_anneal_time": 1240000.0,
    "epsilon_finish": 1e-05,
    "epsilon_start": 1.0,
    "epsilon_decay": "linear",
    "entropy_weight": 0.1,
    "entropy_regularization": true,
    "use_epsilon_greedy": false,
    "decay_entropy": true,
    "entropy_weight_start": 1.0,
    "entropy_weight_end": 0.05,
    "entropy_anneal_time": 1000.0,
    "lr": 0.0005,
    "gamma": 0.99,
    "batch_size": 1550,
    "grad_norm_clip": 1,
    "value_loss_param": 0.1,
    "advantage_bias": true,
    "advantage_bootstrap": true,
    "offpolicy_iterations": 10,
    "value_targets": "td",
    "ppo_clipping": true,
    "ppo_clip_eps": 0.1,
    "embedding_dimension": 4,
    "num_encoder_layers": 6,
    "num_heads": 8,
    "normalization": "batch",
    "feed_forward_hidden": 512,
    "device": "cpu",
    "use_tqdm": false,
    "final_plot": false,
    "wandb": false,
    "n_heads": 4,
    "n_layers": 3
}